Sample,DistributedLatency_ms,IntegratedLatency_ms,DistributedDeadlineMiss,IntegratedDeadlineMiss
1,21.9483746247064,19.7537220127364,0,0
2,21.1177724520324,22.6078891872055,0,0
3,22.6245865896718,22.5478070765878,0,0
4,20.7347835953514,21.8923694770664,0,0
5,23.1825287383595,13.2094771828678,0,0
6,20.8675451812426,23.7817092295885,0,0
7,24.1197130695219,24.6537967340762,0,0
8,24.4132526846565,18.0063415602812,0,0
9,24.4265037159609,21.3584818074902,0,0
10,21.5976908606272,19.8754229234873,0,0
11,21.143862676486,19.2472870163139,0,0
12,21.1077473627174,24.4937430830964,0,0
13,22.9525102557885,25.0539192787829,0,1
14,17.3489706289793,20.4952301560002,0,0
15,19.8556082420193,21.2024883739409,0,0
16,20.4785598049829,24.9469088734524,0,0
17,19.7339111419683,19.8703508160467,0,0
18,21.5676845425409,21.170947968022,0,0
19,23.9547788737022,23.7419188520363,0,0
20,21.0908203985654,23.7668225628478,0,0
21,19.8481722060921,22.5261179449184,0,0
22,20.2057280799081,27.6317659329755,0,1
23,18.0464468642517,24.1897465721546,0,0
24,24.7000357749745,16.1380024199462,0,0
25,21.8714154461112,24.3595901199421,0,0
26,23.4731336216039,25.5267872464195,0,1
27,27.9516556334436,20.862681521373,1,0
28,23.4305926006256,19.1478270703419,0,0
29,21.140587144071,17.0654806170855,0,0
30,19.7008536188063,25.9327583233683,0,1
31,24.5310824150241,23.3997029922004,0,0
32,21.4696892943058,21.6236086932429,0,0
33,24.5240424360611,24.6287159360599,0,0
34,19.1501776974307,22.9719946057361,0,0
35,21.1727155378607,21.4552995265285,0,0
36,20.662036023799,26.1376172264445,0,1
37,22.4075287082456,18.4099396519833,0,0
38,20.492076745754,18.575815616125,0,0
39,24.8508207649253,21.3107611637551,0,0
40,19.2411360794618,27.670159896272,0,1
41,21.9300419875072,20.228167376794,0,0
42,20.9782174247997,30.2898235793112,0,1
43,17.4680347883888,15.7890855455891,0,0
44,25.5384224322866,16.0174833536416,1,0
45,24.2305245714312,23.6028896099372,0,0
46,20.9518027479419,13.9112664937393,0,0
47,18.3981646308642,28.2264575050789,0,1
48,21.4810482489528,27.4027908628985,0,1
49,22.6616734186821,24.0702407523562,0,0
50,22.8892536131327,14.7363627050283,0,0
51,18.9674482354707,20.9259913546492,0,0
52,24.1238141643336,19.9709948327368,0,0
53,23.2460603312388,23.981476428934,0,0
54,25.765855644046,26.0451032200701,1,1
55,19.7070293786639,25.8140587437926,0,1
56,24.5937768295775,18.9126317888232,0,0
57,26.6585610804637,19.6668170013803,1,0
58,21.1547578612281,31.0251467860205,0,1
59,22.2136614159991,22.6124614174402,0,0
60,20.270463359184,19.3331423142823,0,0
61,25.3404508048071,20.0161330554822,1,0
62,20.3814779947286,23.1766199747537,0,0
63,27.127136690576,21.387258564769,1,0
64,19.117356858728,23.5048962440067,0,0
65,21.4843828715226,26.4741988158865,0,1
66,21.5314519326207,24.6174025664685,0,0
67,22.8089644749266,27.3618072510672,0,1
68,23.9029099495205,16.4368908972713,0,0
69,20.1450421316852,22.4011860155583,0,0
70,26.2084364709427,22.136572724353,1,0
71,25.0846920282319,21.4241027130431,1,0
72,19.3322913786215,22.7913496426761,0,0
73,21.2982604694112,21.8209328237633,0,0
74,28.3048829934774,20.0817099414147,1,0
75,19.8189521180845,19.1464544043278,0,0
76,26.1201099488628,21.2319264161154,1,0
77,20.4958603877491,26.2332585517918,0,1
78,24.8040401773885,14.7120448078716,0,0
79,25.4941562963799,18.0855327817638,1,0
80,25.4804597139765,24.3667451689223,1,0
81,18.119563965283,21.7927791241953,0,0
82,25.2663887437666,16.2375150086256,1,0
83,20.0139069271569,22.2202091551081,0,0
84,22.9061488134006,23.9401726022962,0,0
85,16.7054938121428,21.5530696175446,0,0
86,23.1755042928219,21.2986766785473,0,0
87,20.4836836857289,16.1427070504849,0,0
88,25.1321921106982,24.9993570829495,1,0
89,23.6500830932287,20.2905508932182,0,0
90,22.7646642378664,28.4491789560598,0,1
91,24.4218703233731,18.7043159752467,0,0
92,20.5847930608543,20.1784269982392,0,0
93,23.9798625359601,21.2191822633683,0,0
94,22.6795142473298,25.5440817379087,0,1
95,18.8545111682592,24.2109174303978,0,0
96,19.9181579118315,20.3938749722769,0,0
97,19.3334845090842,23.2747552377762,0,0
98,22.3830951143069,21.5992019300894,0,0
99,25.8149510407353,26.792383986798,1,1
100,21.8634529386907,19.4813500810157,0,0
101,20.239005228114,22.0760795664152,0,0
102,21.0607730457693,25.9515675281101,0,1
103,20.8551368455021,25.0628129269451,0,1
104,20.0029597690628,20.6935862799642,0,0
105,21.4726023850431,28.7868518756236,0,1
106,22.7853868436696,21.2267128482331,0,0
107,21.4870530382637,27.8162228217422,0,1
108,16.6456824683495,22.9962166259192,0,0
109,16.4959107886539,19.5544918996177,0,0
110,21.710999326951,26.3189171329208,0,1
111,20.3751543443836,20.6483694900941,0,0
112,21.2974952539,20.6912470139366,0,0
113,24.0249046110688,26.3445648481297,0,1
114,26.860400393625,24.1989363504362,1,0
115,21.7227167584634,23.3797342483746,0,0
116,22.2163067928036,26.7422133749949,0,1
117,23.6528778731772,22.7484357531381,0,0
118,22.4264761495069,18.9367713186749,0,0
119,24.1652113015358,27.2259872111631,0,1
120,19.5890416644625,21.1133563857065,0,0
121,24.4461307426925,29.6999830008813,0,1
122,24.8418329230956,19.7469702283149,0,0
123,21.8523318068646,22.1576961351561,0,0
124,24.3637289091067,25.7527718357759,0,1
125,23.4957909267739,25.3589510719253,0,1
126,25.2816235718595,27.0215603234539,1,1
127,19.5883872996462,26.690756432859,0,1
128,23.4624338841682,22.7302924413134,0,0
129,23.9089376180858,21.5024427088794,0,0
130,24.534006822012,24.0503229786663,0,0
131,21.7640723010243,26.3135415668139,0,1
132,23.7710281862152,19.5435619285678,0,0
133,22.0222267711799,27.9537981098745,0,1
134,19.3554276768924,25.8997546005712,0,1
135,15.1880267829024,20.501200783783,0,0
136,21.946749692651,29.3265424573817,0,1
137,23.0598635071187,22.5258961411334,0,0
138,22.6392937653396,18.0069990327085,0,0
139,25.9228350208926,25.5499155864339,1,1
140,23.5471442164433,22.8721171457433,0,0
141,20.0789840571165,24.2372560246845,0,0
142,23.6845999967044,25.3687248113805,0,1
143,18.3362530565532,21.9077875059204,0,0
144,25.7465920155202,17.0197790303708,1,0
145,24.0515005706259,22.9572134989131,0,0
146,20.4008903738584,20.6091960585002,0,0
147,19.9841347853566,18.6583174506251,0,0
148,21.7335809415085,25.7719911661061,0,1
149,21.4614166977798,22.1763742371255,0,0
150,21.2146528875918,24.6085365083268,0,0
151,22.0526421052834,22.9147088047428,0,0
152,24.4084513835596,21.7255367451777,0,0
153,19.0898783593353,18.1564678708839,0,0
154,23.5636300415573,22.8272835984886,0,0
155,17.7543253263893,20.8471892200826,0,0
156,22.9168827741951,21.276720310794,0,0
157,26.7404873177879,20.3277808438936,1,0
158,24.759438634989,20.2270965485854,0,0
159,25.6995063984352,19.6933931455763,1,0
160,20.3760926891669,18.7011922833785,0,0
161,22.7599479970048,22.3125780226351,0,0
162,23.8552831129107,16.1843667483702,0,0
163,23.4902369773781,21.320185544164,0,0
164,18.4093042098099,25.7981405850789,0,1
165,24.9057689119832,19.9086113278091,0,0
166,23.113893861765,27.1003300972796,0,1
167,23.2532239141538,26.7163620824098,0,1
168,21.2235918417811,23.0754965778589,0,0
169,21.0968560366132,22.1119863800715,0,0
170,25.0755264157179,23.9152559093313,1,0
171,20.4496545727366,23.9179485823875,0,0
172,22.7868165897639,21.9792451081337,0,0
173,18.3425368050305,22.4858117182527,0,0
174,19.3640806071661,18.7891337295455,0,0
175,19.3266363663917,22.3501618322317,0,0
176,18.3943970904663,24.0018980302308,0,0
177,20.6510765125228,22.2919495583799,0,0
178,19.5974410285152,23.293399055256,0,0
179,22.1816228205665,21.2403381121762,0,0
180,19.9662371757703,23.677853026603,0,0
181,21.9870969018093,21.3069397956487,0,0
182,25.8033697531748,26.4549129076382,1,1
183,20.6840087874524,15.5771387594682,0,0
184,24.3819641314155,10.4170258306569,0,0
185,25.1371776451251,25.4290496545821,1,1
186,23.8741910445941,24.0899961518295,0,0
187,20.1773940989166,24.673998522202,0,0
188,24.8914756376439,19.365692543829,0,0
189,22.5890504467091,18.060986799246,0,0
190,19.3006240136201,20.8467534713585,0,0
191,18.9511250505269,26.7524993010926,0,1
192,24.8202358489782,18.2626743471845,0,0
193,19.0386345711707,24.6506317869753,0,0
194,21.9045148537138,24.164811495344,0,0
195,28.8760328127279,24.9435367326717,1,0
196,21.9246426870148,23.7921940408597,0,0
197,25.0955709523767,20.3226570480123,1,0
198,19.1182735953046,21.9300827929721,0,0
199,23.3243317307816,21.741567891193,0,0
200,23.2924128571827,20.9343219226681,0,0
201,18.6400092811198,24.6876499723106,0,0
202,21.5084776469064,21.7729635536553,0,0
203,22.0511404446356,30.9393901179165,0,1
204,23.3655450938931,26.430959369768,0,1
205,20.6111044031439,24.9251739782095,0,0
206,24.8788645193144,19.0960063817872,0,0
207,22.9646602989299,19.1191302159653,0,0
208,23.6429288300412,20.3394132629285,0,0
209,22.6561033163179,22.1190355260404,0,0
210,20.6096173347544,24.4232025417506,0,0
211,22.5527995980428,24.3901267638268,0,0
212,23.7206107402362,26.667773292164,0,1
213,20.6011191753885,18.7126033902105,0,0
214,25.3389546999252,22.5811659673412,1,0
215,23.3885233099372,16.68950361157,0,0
216,22.8609393762596,24.3781760125745,0,0
217,23.4294384840567,21.0022742739498,0,0
218,22.9593759005843,21.285406537341,0,0
219,23.4987232965496,24.5979900989717,0,0
220,22.8637448758666,25.3213972870765,0,1
221,22.2471885084631,24.2171332039415,0,0
222,24.2220991211922,20.3411118210638,0,0
223,21.6206938225423,24.4203829371994,0,0
224,20.365234326814,24.7602675606904,0,0
225,20.5946308409225,19.3369637902714,0,0
226,23.072861537187,20.9706058182661,0,0
227,24.6476203554793,21.9374246488527,0,0
228,23.9323860397012,17.5391236247684,0,0
229,21.2212068852815,19.6926455059611,0,0
230,22.9021956895215,21.8946957450612,0,0
231,17.2471939014784,23.5078080825945,0,0
232,21.8769534149545,19.357420322472,0,0
233,20.7791497317213,18.4057365266852,0,0
234,16.8941940818506,28.892674589127,0,1
235,18.1980707202963,17.4650017275404,0,0
236,18.9871753273577,23.4864436755207,0,0
237,24.9650443038413,22.0784930596402,0,0
238,21.7674592086412,24.1355592862555,0,0
239,22.1062970905135,21.1913366546317,0,0
240,19.3896324957181,19.4550533184527,0,0
241,24.3762133476833,20.1171740341572,0,0
242,24.1535914776234,16.7123406885326,0,0
243,23.4314529214798,22.4700415385164,0,0
244,24.0546985053349,17.1132524139529,0,0
245,19.2168694541441,26.4390933185564,0,1
246,20.1432665624246,21.2435589041149,0,0
247,18.0350045951753,20.9123881685806,0,0
248,24.1258559306642,14.9154512468322,0,0
249,22.5302305513534,19.2744818513275,0,0
250,22.6945160671517,18.4973176373494,0,0
251,22.6484199786009,23.398910655712,0,0
252,23.4333640454672,23.4426538620033,0,0
253,23.5991391504949,23.2050593657263,0,0
254,21.3162788655392,28.0916678853143,0,1
255,20.0073743362559,24.3128094702971,0,0
256,20.1141317850731,21.7967036654213,0,0
257,21.9669887584537,21.6617515856012,0,0
258,21.2106300771911,22.3907396914298,0,0
259,18.0574716179118,22.1533699309914,0,0
260,22.0660953331598,21.8129616825797,0,0
261,19.9887726140561,24.0664693473176,0,0
262,20.3523238016965,23.5577340058282,0,0
263,22.9955386168887,26.6864855092031,0,1
264,22.59266073486,25.1014435563095,0,1
265,19.5778104105759,25.7484033829382,0,1
266,18.4649176200137,22.3073323756309,0,0
267,19.4997631692969,22.274108007744,0,0
268,19.9260028370953,22.9287362482122,0,0
269,21.792781202297,26.675174340501,0,1
270,28.4409804050062,21.6551430705886,1,0
271,20.9346507638672,20.4464819113993,0,0
272,22.4756496700568,24.5491393115245,0,0
273,17.6489074221049,22.253616552405,0,0
274,23.803632920163,26.1416806786951,0,1
275,26.743341331639,19.8881777951798,1,0
276,25.1948483342631,19.9133774215427,1,0
277,23.0002846882673,25.5429603753803,0,1
278,23.4112356733638,24.3364139544644,0,0
279,20.4773251880527,24.6704373978048,0,0
280,23.7686716790965,25.6025234617329,0,1
281,23.2977524697355,26.1901814538812,0,1
282,20.8707160425435,18.7893962606442,0,0
283,19.6736315022647,24.2144410225032,0,0
284,20.5390453412045,27.9601452852166,0,1
285,19.2294445812904,19.7636646413791,0,0
286,19.9470102746705,24.8494864754789,0,0
287,20.7407720135892,20.6379404165587,0,0
288,21.7674180684752,17.4056412352932,0,0
289,20.7174774857926,20.0446786086081,0,0
290,18.0007361723264,20.54768727577,0,0
291,19.5506949184065,25.7692133708746,0,1
292,21.7280474214572,25.220661523976,0,1
293,22.1254047970483,18.8099168446504,0,0
294,21.6363854507188,25.7439549149621,0,1
295,19.2450562971859,22.2580884983832,0,0
296,20.9618567679925,26.2472063256233,0,1
297,17.7820868918602,15.6695717053512,0,0
298,23.3392811040792,17.339498993691,0,0
299,24.7626064207517,21.0111092484233,0,0
300,21.7175075954464,24.4414051557238,0,0
301,23.2512708849577,22.4645950653976,0,0
302,23.8049408208334,22.4461026698023,0,0
303,19.7006009072245,20.5035305050905,0,0
304,24.3738281019829,20.7304719248868,0,0
305,19.0987464249267,24.0451574878353,0,0
306,17.8618046516556,20.49214362375,0,0
307,19.3794941028946,26.086574643959,0,1
308,17.2228783095897,22.0321795650344,0,0
309,21.9889218406253,26.2215527167449,0,1
310,23.3713603800766,20.8785179700653,0,0
311,18.23159940995,23.0554403260729,0,0
312,25.13931430907,15.5335123036916,1,0
313,16.3792043241714,27.1770569549345,0,1
314,20.3925930978009,24.029725383221,0,0
315,26.0966244313687,22.3658653716273,1,0
316,20.4316320917764,21.4471044961486,0,0
317,24.1990140339851,27.2358936703783,0,1
318,20.1242493775639,26.0409038058194,0,1
319,22.7585547103686,24.10390501027,0,0
320,22.2837348427074,20.938357664584,0,0
321,23.5270579674148,22.0020037614478,0,0
322,22.4772208378443,25.9544229367092,0,1
323,23.7473745279588,26.8086543322296,0,1
324,21.1238180599957,25.2282600332451,0,1
325,21.1682236500985,26.7396006349998,0,1
326,21.7185884802795,22.2431198533343,0,0
327,22.908852116293,23.7792390562557,0,0
328,20.3711602212985,23.0911114785638,0,0
329,21.0665093719383,28.4363460596879,0,1
330,24.0035278693916,27.3436277568166,0,1
331,22.3000694636442,23.30111687269,0,0
332,20.3429143288332,25.3081427642985,0,1
333,24.1103818327304,22.7561906208037,0,0
334,26.0798953933205,18.1227143215679,1,0
335,24.102353368501,19.4454674070315,0,0
336,20.0525251542647,25.7433203131705,0,1
337,21.3441134954806,26.6738279740673,0,1
338,22.8557834159627,21.3555066221764,0,0
339,20.7377832309616,22.0428543151748,0,0
340,20.7437755457961,23.0910136277369,0,0
341,23.6049284294106,16.150894313793,0,0
342,25.520956114738,27.3924983046305,1,1
343,21.1200111950207,21.2544951960175,0,0
344,19.6631235526852,21.4020284833908,0,0
345,20.9971016835689,26.9769507036826,0,1
346,24.8849015897264,20.0193745275915,0,0
347,21.6455007954239,25.1810672966528,0,1
348,23.3698864112506,19.9941651511153,0,0
349,13.1515940888694,15.1001256763066,0,0
350,21.4696709372457,25.0681855412709,0,1
351,18.7398782390395,26.5234693483813,0,1
352,24.8159601702829,16.1574401371939,0,0
353,25.0064710321821,18.1462244419835,1,0
354,19.3078855924447,20.7769666775655,0,0
355,22.7153267852917,20.9522861744438,0,0
356,23.6896678256607,25.5333693684352,0,1
357,23.9193372581826,25.1533023966891,0,1
358,23.8309148822081,24.6033503420844,0,0
359,20.8225336676934,24.1526510659816,0,0
360,21.8382244992043,20.598277868268,0,0
361,19.6222234489466,20.895431699864,0,0
362,22.0119718949996,23.2572700638732,0,0
363,22.9297040106705,25.1657600771983,0,1
364,22.257306228977,27.8428050571369,0,1
365,20.974478172557,26.4857635169566,0,1
366,18.7980996415164,18.9263779741025,0,0
367,20.7168009979282,21.7453394118715,0,0
368,20.5143618251963,24.0674526980492,0,0
369,20.8678213427901,24.0483167220308,0,0
370,21.6836122849904,24.4733610085642,0,0
371,21.1177167993645,20.5131726777169,0,0
372,23.6130019473604,25.1660660934018,0,1
373,22.6852808090159,18.9763475805652,0,0
374,19.9073190054691,25.3881965653694,0,1
375,23.4358714148717,16.4066327280084,0,0
376,21.4338235861974,24.8038594293249,0,0
377,24.2534896563626,21.8734549926039,0,0
378,24.6111219631082,21.2294022744614,0,0
379,22.4163696503547,18.6620489767179,0,0
380,22.3103959418851,20.0914378124942,0,0
381,20.0768962863192,24.261454301938,0,0
382,24.9698170032022,22.8929611188707,0,0
383,19.0975146001069,28.5587965284077,0,1
384,20.9156162192469,23.5201319236963,0,0
385,22.1813911564261,21.3321518955901,0,0
386,23.5134877323504,26.706167213619,0,1
387,19.6857974889035,21.9393296297046,0,0
388,23.8588501526857,26.9667048382591,0,1
389,24.363320407341,25.7736391225056,0,1
390,24.7473855055491,23.5625180256595,0,0
391,21.7856383063665,28.9488129439392,0,1
392,21.8821528826187,20.1934754250717,0,0
393,19.9027548967816,19.0205207409321,0,0
394,18.6967035009266,21.1407575920625,0,0
395,22.0227360375279,23.4129688302609,0,0
396,18.8881807676632,30.2089030268012,0,1
397,22.3234414415269,20.5821951000414,0,0
398,20.3589064394755,23.5566825119334,0,0
399,25.3929811197526,22.9317616388965,1,0
400,19.3367350440168,25.7682616845972,0,1
401,20.8130202502733,21.550912770066,0,0
402,22.6018673656207,19.940719732589,0,0
403,16.7804655651418,21.4777791824436,0,0
404,18.4717697088798,24.2749338923415,0,0
405,22.7796039319148,25.9690215039985,0,1
406,23.8902756685893,21.3990476256688,0,0
407,21.8792717848692,21.003288078351,0,0
408,24.3265874864772,23.1381073330727,0,0
409,22.4983907689414,17.889166531786,0,0
410,25.5506130578824,21.7699104844843,1,0
411,23.0885169102387,21.6256440468103,0,0
412,19.6474656655272,21.8732092154899,0,0
413,21.5509487571964,20.5870984220847,0,0
414,21.2969606227812,22.6524664572925,0,0
415,21.3887752495496,22.7451573596475,0,0
416,25.236490796124,27.6577238072179,1,1
417,27.392257408074,16.3395163937394,1,0
418,18.8025572673611,23.4832057574035,0,0
419,25.4398371954498,19.8000341338737,1,0
420,24.5621528111849,17.2218806417378,0,0
421,24.640242222787,26.5898032819518,0,1
422,19.4169452843881,24.9331659760413,0,0
423,20.9661309548052,18.2180411357898,0,0
424,19.348306423029,18.4907005536137,0,0
425,27.2373305790494,22.5031077011301,1,0
426,22.8518532453342,24.1193882944345,0,0
427,24.5397208104653,25.5357276485665,0,1
428,23.3296730425046,20.9045883224373,0,0
429,19.6947659652766,24.7471522334779,0,0
430,27.143143429772,20.5594343796851,1,0
431,15.0150152373569,19.4175675072001,0,0
432,19.5451717676421,18.8461401343776,0,0
433,22.442616624103,17.5274930288043,0,0
434,25.3154274266221,25.4112864534152,1,1
435,19.6234326207557,15.8408842068551,0,0
436,21.8792710923756,22.3488900140808,0,0
437,22.8221758277476,18.0096928061799,0,0
438,19.4659319051716,24.2198970552212,0,0
439,22.3271460910177,15.2056517225602,0,0
440,26.7901170261724,25.7863785406495,1,1
441,22.3552404793366,19.5016734030008,0,0
442,24.6588644206163,28.6791417739197,0,1
443,23.8511307640113,23.7006938392997,0,0
444,23.0337629149099,23.1027968442618,0,0
445,23.2531401737559,19.3908932849134,0,0
446,26.1321621649045,23.2058679850102,1,0
447,23.224676971628,21.4474079827064,0,0
448,24.8063618638468,19.3446572588636,0,0
449,22.4954462969389,23.691492301964,0,0
450,21.4284002915345,22.4821262661859,0,0
451,23.8380262908903,25.5202550877681,0,1
452,18.9626021099539,21.4681175991135,0,0
453,21.3052252219697,21.8404695061078,0,0
454,22.4194384078282,23.5008183335592,0,0
455,22.7487094691827,17.2070342682781,0,0
456,21.2018341501061,24.9115829871614,0,0
457,20.5470727422675,24.2483940306507,0,0
458,24.0677080912506,26.1718563405378,0,1
459,21.7754710050489,29.8564072424949,0,1
460,20.5804711969887,20.6636640235779,0,0
461,20.7414565510197,17.9072636635639,0,0
462,23.8818994189516,16.5922811932547,0,0
463,22.8078255602322,18.5014909532981,0,0
464,18.4716563008141,16.2097529870661,0,0
465,22.8083928626212,17.8121079637642,0,0
466,22.6819400605877,20.4367985466943,0,0
467,24.2814914504931,21.7312218407332,0,0
468,20.9453355465357,21.108483385037,0,0
469,19.7045325067097,22.9013623574238,0,0
470,20.3663223962184,22.6189799776497,0,0
471,23.4086178698177,25.1808460588665,0,1
472,19.9954647128789,21.601132990791,0,0
473,21.0248660493219,24.9053332296127,0,0
474,25.0120990538814,17.9845946306917,1,0
475,25.1733542338764,25.8560599545443,1,1
476,25.8714356156617,22.8538476095749,1,0
477,24.1721837971397,33.3450667593611,0,1
478,23.9780247299888,24.3799082521162,0,0
479,23.0648007935082,28.942764891161,0,1
480,26.757169083936,19.3826435706502,1,0
481,22.5514800697108,22.8242595231634,0,0
482,21.3748499434214,20.4856904955127,0,0
483,20.3787922917323,22.4753635086228,0,0
484,26.1074669805827,19.2133552146073,1,0
485,28.5496097982657,18.326290729505,1,0
486,24.0756102241686,16.1868775486884,0,0
487,23.900256007053,19.8986969628446,0,0
488,18.774244692458,16.6851710918918,0,0
489,21.3570011724178,17.8871590855713,0,0
490,23.0948401586027,15.3081291949344,0,0
491,20.5712418185166,20.9924810271221,0,0
492,21.6229403244711,22.3211280051968,0,0
493,21.2425504706704,27.1931520802303,0,1
494,23.5039483575464,23.0747811913891,0,0
495,20.4607681211575,21.0474977651332,0,0
496,24.2227978565755,20.9223554992031,0,0
497,25.5570383633446,23.5478118546741,1,0
498,20.8222042185585,21.4960959102461,0,0
499,21.8520188114395,28.6685127837385,0,1
500,21.5241658670187,19.9985226256763,0,0
501,17.6505353529844,24.3292309978353,0,0
502,22.6363930384484,19.5749714595438,0,0
503,18.3036328184391,25.501495856335,0,1
504,19.0151271451892,20.9965252688027,0,0
505,18.8891623712526,22.8091385628139,0,0
506,20.0764040184166,18.950730155749,0,0
507,20.5033032278829,18.8942001088837,0,0
508,20.5341797552401,22.5580793346422,0,0
509,21.589722318173,24.5836648103878,0,0
510,22.9432193751171,25.1787722796923,0,1
511,24.0046773247911,25.1714692254566,0,1
512,22.2759144876452,22.0632895444053,0,0
513,23.8409699563561,21.7692587145583,0,0
514,18.946620797498,25.7975091306263,0,1
515,21.1962436553397,25.5866558685808,0,1
516,21.2546395595333,23.716597398248,0,0
517,22.3652491648481,16.4984314634953,0,0
518,24.4331512461783,22.0888348421765,0,0
519,23.49003387514,18.0020587785844,0,0
520,24.2604998939821,18.2103006167749,0,0
521,19.6353731227719,18.5340229586082,0,0
522,23.5097565252636,24.7490696065947,0,0
523,19.0408011980305,30.5280044239015,0,1
524,23.0613661504261,17.6729382420268,0,0
525,25.4132500297694,26.0717433604309,1,1
526,21.849636546529,15.0857705303653,0,0
527,19.6231700185231,18.3429617110696,0,0
528,23.9409318353876,19.6218881465994,0,0
529,20.394838716249,28.1049772605738,0,1
530,24.5907509141943,19.0337669546585,0,0
531,23.1224671921168,18.2897463823457,0,0
532,24.7501477952481,16.7441452214859,0,0
533,19.282089684418,20.2303306760274,0,0
534,23.9390379521657,24.506851731183,0,0
535,17.717531920623,25.6958128188267,0,1
536,25.0778598278519,18.6707143697508,1,0
537,19.2653027761675,23.7525502739097,0,0
538,24.4009873988063,16.5812430051665,0,0
539,22.8015873132504,22.1969718565095,0,0
540,20.531575295344,23.4349997858334,0,0
541,20.7387622223281,22.2061864499362,0,0
542,17.4213162642102,22.4352460146175,0,0
543,24.8509502165988,27.0229308492596,0,1
544,19.1853625394154,15.3391873062129,0,0
545,19.9963555466899,22.4280520501876,0,0
546,20.726641730056,26.4693344288335,0,1
547,20.7789565962845,15.4230870125085,0,0
548,19.8969399800639,23.3390666677331,0,0
549,22.1763071791058,25.6347689628227,0,1
550,19.0726869285538,24.8641427941936,0,0
551,21.6509826571635,24.8664579262439,0,0
552,23.2840437462864,22.9752250959803,0,0
553,19.9626288626462,24.0470050236023,0,0
554,19.9366065092176,18.560639543766,0,0
555,22.9593358754423,25.5595202846118,0,1
556,22.833941948886,28.502965035956,0,1
557,25.4828145998964,19.2632797757589,1,0
558,19.312142590029,21.8672993865299,0,0
559,22.802069706788,22.4706152457979,0,0
560,25.1409160638197,23.3549539297879,1,0
561,22.7015265466958,23.5370625490058,0,0
562,20.9884166598543,25.6758504461743,0,1
563,21.087715042829,23.0971623775886,0,0
564,23.5365029056264,18.8996796034899,0,0
565,19.2379197596039,23.13670474859,0,0
566,22.4050060655402,23.1387068317476,0,0
567,22.7407037625996,25.5643900608631,0,1
568,20.5333602805626,21.7876430991145,0,0
569,22.4814697999736,27.4167975837755,0,1
570,21.4154865616857,26.3297392698457,0,1
571,20.107891447533,23.5193352939065,0,0
572,21.8722632096081,23.7842185085191,0,0
573,22.44348189823,23.2232511852148,0,0
574,25.8831395650177,23.3053654151933,1,0
575,21.6436887644437,21.1810353800611,0,0
576,27.3784804814685,20.505160643783,1,0
577,23.1105196935912,24.1847327233358,0,0
578,18.3829856176299,22.3333653720195,0,0
579,15.8286739952196,28.2666916423674,0,1
580,25.1929881109927,22.0666750720634,1,0
581,22.0121245496803,23.8817569771254,0,0
582,20.9214285183102,29.6753995084296,0,1
583,19.9011912970634,23.8082631699468,0,0
584,21.4542898850831,20.9603301579038,0,0
585,20.0692837674826,19.0361318009128,0,0
586,21.1340651031877,20.9213336847153,0,0
587,21.2319984386541,24.90442888031,0,0
588,21.1298410004264,22.533867805752,0,0
589,23.9195788953843,25.3635368690586,0,1
590,20.003342119756,23.2986831311419,0,0
591,22.1021463833324,23.5165131649325,0,0
592,22.6729376240686,28.096665258167,0,1
593,21.1258741148546,29.9677041737379,0,1
594,24.5146704845256,24.1564615724707,0,0
595,20.1335810892827,24.3027837818991,0,0
596,22.9116693327354,21.2928408301759,0,0
597,21.3014909100389,22.3629072561438,0,0
598,27.0789870471504,21.8145973463318,1,0
599,19.5235197976383,19.7399914149108,0,0
600,23.9486327948558,21.704473804105,0,0
601,21.9213966530034,18.8734891285222,0,0
602,20.1072627796479,16.0022205105763,0,0
603,19.8890716755523,21.4667669409151,0,0
604,25.2149946760396,24.6822748385967,1,0
605,24.7918756396915,26.7132156143276,0,1
606,21.8154450240494,21.6693149433896,0,0
607,22.4789610311523,23.1449002737354,0,0
608,21.9844566944535,19.0731237551662,0,0
609,24.2958788340684,21.0881660709884,0,0
610,23.0958966813441,26.914524823243,0,1
611,20.5305763088118,19.2772470036808,0,0
612,21.8577766170036,22.8750905415147,0,0
613,22.2701940309957,22.2457655755914,0,0
614,20.4663887597962,22.208295892383,0,0
615,19.4202329506009,23.9338505046839,0,0
616,22.2723899497096,20.5120418021049,0,0
617,20.8731156872814,16.011583774389,0,0
618,20.7681590010889,20.9287480859453,0,0
619,16.8256335780614,25.4947783300574,0,1
620,23.5210844617567,18.2618722298322,0,0
621,23.9338670070344,23.8907605038795,0,0
622,20.0264959701948,23.3877077428782,0,0
623,17.8175405875494,19.1970282432364,0,0
624,21.9096521037637,23.4310310012331,0,0
625,21.918816339544,25.0738744294745,0,1
626,20.8239824530131,21.9147645609106,0,0
627,24.5315705549656,25.9644462075586,0,1
628,22.8860437521982,26.1150878517023,0,1
629,21.7037550657765,22.3915039594632,0,0
630,20.7426710210731,29.0818712014882,0,1
631,21.5218687397989,23.4005111104283,0,0
632,21.3834614768443,20.0028106865571,0,0
633,21.4795357985513,25.4526586881812,0,1
634,17.8284462026872,24.2925036874448,0,0
635,22.7723543360942,22.421899596245,0,0
636,24.0452624331923,19.485948194078,0,0
637,21.9050072249559,27.2076785241936,0,1
638,25.8584189146665,24.5545895704726,1,0
639,20.4556166914952,18.0025418176312,0,0
640,19.5877313139786,24.3667425733778,0,0
641,23.5879721972194,17.3719219420041,0,0
642,23.8386909707924,26.9473189440441,0,1
643,21.5989460662243,19.2624107014188,0,0
644,23.5676470517599,18.5077937395904,0,0
645,21.4740820356053,22.3799680268118,0,0
646,23.7490756510785,17.7659918381537,0,0
647,24.6552590642424,27.337592533352,0,1
648,22.1935764979206,24.5249878256684,0,0
649,19.6518579814643,23.5085943704718,0,0
650,25.972835145278,23.1978677265636,1,0
651,19.635180949989,20.2630761223239,0,0
652,21.8269253930861,19.9044852263436,0,0
653,27.1957386773193,24.4792196509452,1,0
654,23.8813074388856,18.6703882950837,0,0
655,17.4667128488921,18.2092285483023,0,0
656,25.5225257304745,23.5577102744769,1,0
657,24.2565701988861,20.3897815483918,0,0
658,23.6277007262356,21.9818635279077,0,0
659,22.6508698945034,22.3530626105723,0,0
660,18.6838602270892,25.4897730022949,0,1
661,21.3284516728618,21.8964931090655,0,0
662,19.2503967331015,20.0516852999441,0,0
663,16.627998998083,21.302699637344,0,0
664,18.1273709724895,16.7447301493537,0,0
665,20.8346755144029,24.0793794508446,0,0
666,21.5123750364945,23.6367529861807,0,0
667,23.7801615729009,23.7640703394225,0,0
668,18.4409982795508,17.7583910432913,0,0
669,30.4685036534345,24.1091239702771,1,0
670,22.6845654409059,24.6784110839883,0,0
671,23.5278494136846,26.9202010525069,0,1
672,25.8367559541601,27.5387915030563,1,1
673,20.7330632590066,23.4406567624544,0,0
674,23.0420173045431,24.7681543156257,0,0
675,16.6849233264158,25.5947484978673,0,1
676,19.9347037429825,18.2021692483818,0,0
677,18.2307185074506,20.6976688923668,0,0
678,18.6419298211629,25.2367458997026,0,1
679,18.9278962764534,20.594523036467,0,0
680,21.1067199602905,19.2063593525693,0,0
681,21.4067235862635,28.4074269815305,0,1
682,23.8399526878095,18.3376713691636,0,0
683,17.9401631402985,22.4841588753753,0,0
684,23.8241531782077,23.305846142462,0,0
685,23.6746178173068,23.9436285077856,0,0
686,21.6516643955826,23.5850745140067,0,0
687,25.9165621043407,22.7827130253136,1,0
688,19.4062190032376,20.891779146084,0,0
689,17.1285426065021,19.8827891382576,0,0
690,25.0961237132762,25.0474261032636,1,1
691,21.364184044437,14.7326516696261,0,0
692,23.5081686083847,29.1543788139213,0,1
693,20.501109930042,18.6368541870216,0,0
694,25.5500595152404,29.4984749156584,1,1
695,18.1586483644026,23.8320262199906,0,0
696,18.4404292091616,25.0647262475843,0,1
697,22.0462991202584,21.9310263093129,0,0
698,25.9361079307689,18.8311963826643,1,0
699,19.432209418512,22.1140210901521,0,0
700,22.9469971654034,26.556202199172,0,1
701,27.8573129611472,18.367088338402,1,0
702,18.8936722586524,23.3125519021599,0,0
703,20.750777027074,22.3872180491814,0,0
704,21.0443501661281,20.524042523173,0,0
705,21.0531319718295,17.6870733715527,0,0
706,17.2568480488969,16.8984787660252,0,0
707,20.2972261692131,22.5878483800408,0,0
708,22.2152478486302,22.1703537890205,0,0
709,21.8506174370407,23.6536238299788,0,0
710,20.0977616083626,25.2606911963436,0,1
711,24.2263548712187,24.0932976478274,0,0
712,17.2495152873939,24.4234895104639,0,0
713,23.6887928778111,22.1421292022169,0,0
714,22.6293951279285,25.5459571067592,0,1
715,19.4401180757495,17.5980523282059,0,0
716,16.4616333342936,24.1640189433467,0,0
717,23.6443357753122,22.5898824531601,0,0
718,21.3237386009026,24.5922401007061,0,0
719,18.7829351947069,22.2064617138372,0,0
720,20.1682798174151,23.7901496241929,0,0
721,17.1391442357651,23.1171491664572,0,0
722,23.4128954401642,21.2225054564507,0,0
723,25.217227126183,19.2567874243251,1,0
724,24.5872443208198,26.4263880263017,0,1
725,23.842508429139,14.7149734503096,0,0
726,21.0102512292583,21.7978411588299,0,0
727,17.6492989715176,20.8579786231274,0,0
728,21.1736237895459,23.7688901459066,0,0
729,23.6048852608621,24.5874720521628,0,0
730,20.1519820119602,19.650832186131,0,0
731,22.7536881161689,27.2756200958901,0,1
732,19.8619830789437,21.866872195847,0,0
733,23.4255937318925,22.4195769233201,0,0
734,23.4110298500782,25.1739489125411,0,1
735,26.5302356786252,26.8695347841681,1,1
736,24.7696142122173,30.367632906185,0,1
737,21.7725045866448,30.4025174870528,0,1
738,23.3475183269589,20.4148384925206,0,0
739,23.5540665655849,21.7438098060475,0,0
740,22.2106082121245,26.6178655606154,0,1
741,22.154168374024,22.9150841700737,0,0
742,25.1647731479971,24.7144804019807,1,0
743,21.1159586633368,18.3819630302724,0,0
744,26.0719702638416,20.8276444564511,1,0
745,21.8377979233551,23.5909765120415,0,0
746,19.6473172891303,26.2761669454563,0,1
747,22.9649263755963,25.1319560626604,0,1
748,25.7219766198242,24.2114245860498,1,0
749,20.230473619924,21.1865452454784,0,0
750,17.8918009704514,21.4182103063049,0,0
751,17.8776831635046,25.9990923699533,0,1
752,21.0865706361297,22.0032397688998,0,0
753,23.5021194639548,20.3704870000597,0,0
754,21.855763944655,25.9326339966704,0,1
755,20.9601812052015,22.9437545378719,0,0
756,19.5930394373146,26.2354870469943,0,1
757,22.6037097027764,30.2004415583158,0,1
758,21.7683963258304,24.3580446662077,0,0
759,24.0211297423859,23.3445490157384,0,0
760,19.785748212494,22.1544981931957,0,0
761,21.7448040124866,23.7262566572046,0,0
762,22.0441593173318,23.8791081439953,0,0
763,18.8126671581602,20.4270841473571,0,0
764,20.3758877396397,21.4093811049583,0,0
765,20.772534240559,25.8815551586486,0,1
766,21.4081207604631,22.4259848568565,0,0
767,24.9865834702001,21.5190171268063,0,0
768,24.9493324512326,27.7617005967522,0,1
769,19.134919022371,21.2189434100474,0,0
770,20.9808634713271,25.074659022421,0,1
771,20.4270568550514,24.5407019979892,0,0
772,23.7341767159817,29.7995015262061,0,1
773,21.1858027126157,26.7476564214156,0,1
774,20.1557599931518,28.3047757556319,0,1
775,23.8755808345319,22.8780310652848,0,0
776,23.408083037377,24.2175916212552,0,0
777,21.7813306770422,25.4802838357323,0,1
778,24.600847686699,22.9886795684058,0,0
779,19.5620520204594,24.0595058749794,0,0
780,20.927900597194,21.1136320426203,0,0
781,20.7796586122965,26.8220207910074,0,1
782,24.4726803565507,24.0151192550541,0,0
783,17.0899540908062,23.7731213793649,0,0
784,19.6627639792436,16.9849708149038,0,0
785,26.9675039970474,22.3553624753686,1,0
786,20.7993749620311,20.3589070368437,0,0
787,22.0221732045805,19.4778934122453,0,0
788,20.3519896173677,16.6777693341429,0,0
789,22.8603822044226,22.6292662880998,0,0
790,16.8852820674545,22.7041928921628,0,0
791,21.2623468565903,22.4526160964393,0,0
792,24.4439441563916,17.9748569405629,0,0
793,23.255834075088,24.1656862827206,0,0
794,27.1126454276458,22.2416801043183,1,0
795,23.9981821499678,25.2258756950473,0,1
796,22.7681937764446,17.376662639643,0,0
797,21.7074432610415,21.9716594852341,0,0
798,22.4610482146729,21.4732569533789,0,0
799,25.1886996650346,23.5826072716515,1,0
800,21.0121731921713,26.6119486812127,0,1
801,21.4062997976545,25.3858376488059,0,1
802,24.4818587079078,19.3232627340484,0,0
803,26.6439074613801,24.3469674100309,1,0
804,23.5293717485988,17.5931621552687,0,0
805,23.1129341134523,16.6560163262697,0,0
806,21.2370610055022,20.8635309427373,0,0
807,20.4895431274764,23.3918966401656,0,0
808,18.1596041053779,22.2238595930266,0,0
809,17.9270144059731,27.3684074854061,0,1
810,24.048116491382,18.465802114074,0,0
811,20.1920855495545,22.3003033157611,0,0
812,22.0533809644178,19.1934773413755,0,0
813,26.0186361851094,25.9230776917568,1,1
814,21.1948609353495,20.4541770257688,0,0
815,20.0858632809901,19.6405476754106,0,0
816,18.2304428056123,22.2164652825132,0,0
817,25.5904125503996,22.7120224950876,1,0
818,21.3288624919208,22.8009870363528,0,0
819,23.012199596639,21.7744130568717,0,0
820,24.7438918543176,24.9652133361721,0,0
821,24.1390513551578,21.4456779974529,0,0
822,21.4759219520241,18.7893085166346,0,0
823,24.0504888725998,21.5446640664676,0,0
824,23.8655787883371,15.9125350877974,0,0
825,25.5164940782812,24.5704357401013,1,0
826,21.6739783824155,23.1221098009184,0,0
827,25.0480998156034,28.3052139557243,1,1
828,23.4704922690686,23.9634038996384,0,0
829,20.4298411048859,20.2166806001241,0,0
830,22.4344433729394,26.6461312678856,0,1
831,23.5547586535108,28.1206532929799,0,1
832,21.1815147574176,20.1697758655337,0,0
833,20.3610050046008,29.3142097934119,0,1
834,25.0582563232422,18.0200952158473,1,0
835,17.6416018795685,20.7386202436104,0,0
836,24.6005468790786,26.7497451126234,0,1
837,19.9290444112242,26.0418597101517,0,1
838,22.5177741125438,18.5316330658329,0,0
839,19.4171563150233,21.3278921455098,0,0
840,18.8473624434122,23.0190025869995,0,0
841,25.0367921063166,23.9724882641057,1,0
842,18.3387288302909,27.1110275536844,0,1
843,21.5332941073839,21.9241460216152,0,0
844,21.2084290945287,21.6758908474544,0,0
845,23.30073200732,23.5981302398223,0,0
846,22.4966214923436,18.0739374622351,0,0
847,21.6253766300407,17.2937049280275,0,0
848,19.0043878715,18.2074467438577,0,0
849,23.2462126410364,22.1916552048122,0,0
850,22.2740003383496,23.1416334474003,0,0
851,19.1009036733336,24.2946730096679,0,0
852,23.7730551500542,25.2860962047445,0,1
853,26.0565058937703,21.9325893857473,1,0
854,23.5100033162881,23.2261984228241,0,0
855,22.7987834172432,22.3540351987497,0,0
856,23.4086262681443,23.8812612118953,0,0
857,22.6683162282696,20.3977273491233,0,0
858,20.529945070712,19.298060287324,0,0
859,21.6548434940689,22.2406882465908,0,0
860,20.039652255099,12.520525201592,0,0
861,21.6383139087079,20.7113431333181,0,0
862,21.8148373235284,27.7386745803057,0,1
863,22.1438413718558,18.8600032756319,0,0
864,22.6814871054552,22.233840700829,0,0
865,19.1547664553006,23.6270518225966,0,0
866,23.3485117633052,21.2622318657846,0,0
867,22.0634444834161,23.0307780518869,0,0
868,19.9948206066056,22.466309482922,0,0
869,25.1071677385975,23.1819922009309,1,0
870,19.035839018988,18.2334139988956,0,0
871,24.9820755993101,15.8907682433045,0,0
872,22.5959100215824,20.7219744935738,0,0
873,19.3385461091623,24.5277608197358,0,0
874,22.0785348383635,21.8024633141279,0,0
875,21.8646661530265,26.0588426626905,0,1
876,19.9860695122874,24.5552532190028,0,0
877,23.4000231395731,23.609493438024,0,0
878,22.4513883174006,21.4599987584819,0,0
879,23.5040750315084,25.2316795266054,0,1
880,20.3070425423861,19.4548433640042,0,0
881,20.0347639060646,24.1630775267091,0,0
882,22.1673234184847,27.0688087269469,0,1
883,23.0634521203419,27.7623256121144,0,1
884,26.177539599285,22.8499312580752,1,0
885,23.6432642505909,25.819608383111,0,1
886,20.5917422107158,21.5835725271933,0,0
887,23.9401693283251,21.765963733363,0,0
888,20.1117866059351,23.615717322157,0,0
889,21.5060178851789,22.7417311468538,0,0
890,19.595878949192,26.143703911424,0,1
891,24.2628049003243,17.0146615482834,0,0
892,23.7289019747424,21.0365311240858,0,0
893,25.4468147583464,19.4317335888966,1,0
894,23.5058447688621,24.5689946784117,0,0
895,19.5583235772614,23.3905276859978,0,0
896,23.0779176561648,23.1132853982008,0,0
897,18.8249367217359,21.4673203575059,0,0
898,19.7857830518335,25.2112930869964,0,1
899,23.8952898739146,24.8861292317057,0,0
900,22.8370807323501,23.2110024658829,0,0
901,24.6518327847672,20.3372914673313,0,0
902,23.1600495440508,18.7583405275529,0,0
903,17.6858500981608,18.6329975732247,0,0
904,23.8253787988016,19.2862068570375,0,0
905,19.6572648409025,21.9336341987712,0,0
906,24.7232879813552,22.577943866854,0,0
907,21.3095941155853,23.7304336125621,0,0
908,22.1382248264346,30.492346108035,0,1
909,18.8427367550635,25.0260838924559,0,1
910,22.3316570407,26.6809160787892,0,1
911,25.4854588237763,23.8092150826566,1,0
912,22.1643927121011,21.3275743413337,0,0
913,23.2677221396477,23.8501520513876,0,0
914,18.2165853385556,22.8377642440088,0,0
915,20.9020093175539,28.4835759183184,0,1
916,23.9096208933088,24.4053569017827,0,0
917,24.8042176340478,21.393865906292,0,0
918,19.5408197182727,28.8811292825865,0,1
919,23.4304100078355,21.3638927716713,0,0
920,24.9635336006436,18.851128858146,0,0
921,20.7751862865383,23.1964920970175,0,0
922,18.3335182948287,18.4718956940355,0,0
923,22.3390615540508,27.1290381267768,0,1
924,17.5259232933244,21.4560345422383,0,0
925,17.4318995635574,28.0164947986401,0,1
926,21.9641824329269,24.334437348563,0,0
927,24.6961796547661,25.9881146387309,0,1
928,22.0107819301702,22.5777868206991,0,0
929,21.8878864667983,27.0381216694213,0,1
930,21.054473280153,18.7167510612591,0,0
931,20.2622166395583,24.6694315391706,0,0
932,19.8877471987164,19.9960166072468,0,0
933,24.549683576308,17.3710207740615,0,0
934,24.5936849818645,20.0542055338077,0,0
935,18.1912760819028,29.3357729487031,0,1
936,24.5512570154773,22.0505262619436,0,0
937,20.7783122195096,24.8590206941292,0,0
938,21.8305938903228,23.0534462244921,0,0
939,19.6153452931545,23.1052537183644,0,0
940,23.0960759267843,27.8912445560149,0,1
941,23.2554403782687,21.7152464518526,0,0
942,24.3719317742434,27.1218799493025,0,1
943,21.3270333323075,22.2487108197118,0,0
944,25.3734174631196,15.729166049398,1,0
945,18.9477125043918,18.4565767330898,0,0
946,19.2857111065982,16.8825971021328,0,0
947,22.1820610030325,23.1101809367355,0,0
948,21.4334825839986,21.710712055356,0,0
949,21.7387924175179,18.04101753847,0,0
950,23.8939949301934,20.3887299487498,0,0
951,20.5982835767243,22.1855698662661,0,0
952,20.2011939004435,23.5493628136877,0,0
953,22.5932257935217,25.2784628759499,0,1
954,27.2578311289038,28.3160625157241,1,1
955,22.1942988435075,20.5454144862081,0,0
956,25.6272804894736,18.8791274287877,1,0
957,20.6070498422861,24.2617340997663,0,0
958,20.5991010208297,20.5567110601625,0,0
959,18.7098389203209,27.8485395146481,0,1
960,22.9393341897939,25.5718035356936,0,1
961,17.2920558948363,28.0053730686581,0,1
962,21.2267310365221,25.8455146214447,0,1
963,19.9633982576446,20.3752629886851,0,0
964,19.2491448642206,21.7901177238139,0,0
965,21.062865765546,23.6697612815119,0,0
966,21.8259693713794,22.8282344987398,0,0
967,21.3985695033304,15.1358127856533,0,0
968,24.3662329441309,24.4208795237157,0,0
969,17.1699413947233,23.9928373711226,0,0
970,19.4123078213764,27.7896693762532,0,1
971,24.2948227111957,22.3195779078052,0,0
972,20.5192695141116,25.1652860022321,0,1
973,22.4643610789832,22.8432768551692,0,0
974,21.1067549828522,18.7514767040924,0,0
975,23.9158376093636,21.508029188948,0,0
976,21.0701245127245,23.0465312409776,0,0
977,19.3039987394975,19.6939736955282,0,0
978,19.2369412610155,21.5574518569871,0,0
979,21.4581517290145,23.4339150294579,0,0
980,20.7735099660964,17.6953407600033,0,0
981,25.9366015135595,21.5864386130042,1,0
982,20.5470222783936,15.7574904845234,0,0
983,23.5585548124662,21.6596802256099,0,0
984,16.9458611046782,22.7626403240821,0,0
985,20.1962247026182,20.8071291415512,0,0
986,23.4991073711509,27.3261755833645,0,1
987,23.6770090260422,27.2372105162924,0,1
988,20.0509077666842,23.0915260538754,0,0
989,22.052764792377,27.8432981520542,0,1
990,23.03356516472,16.4304115986456,0,0
991,23.6611915669098,17.757592861685,0,0
992,21.0027481976043,28.5356258469128,0,1
993,19.8263684373713,19.8503705208756,0,0
994,24.7464185487788,16.7152223647176,0,0
995,20.251345277732,18.2215422556858,0,0
996,22.7387418214263,25.0758427410794,0,1
997,23.8306246404415,26.219649148813,0,1
998,23.8435244297162,28.1493272889778,0,1
999,19.6592172314321,23.9411019331508,0,0
1000,19.4139638796727,18.4685325620432,0,0
